input,output,width,height,size_kb,threshold,radius,padding,error
C:\Users\Phenom\Desktop\Bannières prez\banners\astro-gradient\en\audio.png,C:\Users\Phenom\Desktop\Bannières prez\banners_clean\astro-gradient\en\audio.png,350,75,32.6,50,0.5,8,
C:\Users\Phenom\Desktop\Bannières prez\banners\astro-gradient\en\information.png,C:\Users\Phenom\Desktop\Bannières prez\banners_clean\astro-gradient\en\information.png,350,74,34.1,50,0.5,8,
C:\Users\Phenom\Desktop\Bannières prez\banners\astro-gradient\en\metadata.png,C:\Users\Phenom\Desktop\Bannières prez\banners_clean\astro-gradient\en\metadata.png,350,73,33.2,50,0.5,8,
C:\Users\Phenom\Desktop\Bannières prez\banners\astro-gradient\en\release.png,C:\Users\Phenom\Desktop\Bannières prez\banners_clean\astro-gradient\en\release.png,350,80,34.3,50,0.5,8,
C:\Users\Phenom\Desktop\Bannières prez\banners\astro-gradient\en\subtitles.png,C:\Users\Phenom\Desktop\Bannières prez\banners_clean\astro-gradient\en\subtitles.png,350,73,33.8,50,0.5,8,
C:\Users\Phenom\Desktop\Bannières prez\banners\astro-gradient\en\synopsis.png,C:\Users\Phenom\Desktop\Bannières prez\banners_clean\astro-gradient\en\synopsis.png,350,77,34.4,50,0.5,8,
C:\Users\Phenom\Desktop\Bannières prez\banners\astro-gradient\en\technical.png,C:\Users\Phenom\Desktop\Bannières prez\banners_clean\astro-gradient\en\technical.png,350,65,31.9,50,0.5,8,
C:\Users\Phenom\Desktop\Bannières prez\banners\astro-gradient\es\audio.png,C:\Users\Phenom\Desktop\Bannières prez\banners_clean\astro-gradient\es\audio.png,350,76,34.9,50,0.5,8,
C:\Users\Phenom\Desktop\Bannières prez\banners\astro-gradient\es\information.png,C:\Users\Phenom\Desktop\Bannières prez\banners_clean\astro-gradient\es\information.png,350,68,31.7,50,0.5,8,
C:\Users\Phenom\Desktop\Bannières prez\banners\astro-gradient\es\metadata.png,C:\Users\Phenom\Desktop\Bannières prez\banners_clean\astro-gradient\es\metadata.png,350,67,30.8,50,0.5,8,
C:\Users\Phenom\Desktop\Bannières prez\banners\astro-gradient\es\release.png,C:\Users\Phenom\Desktop\Bannières prez\banners_clean\astro-gradient\es\release.png,350,80,34.3,50,0.5,8,
C:\Users\Phenom\Desktop\Bannières prez\banners\astro-gradient\es\subtitles.png,C:\Users\Phenom\Desktop\Bannières prez\banners_clean\astro-gradient\es\subtitles.png,350,74,33.3,50,0.5,8,
C:\Users\Phenom\Desktop\Bannières prez\banners\astro-gradient\es\synopsis.png,C:\Users\Phenom\Desktop\Bannières prez\banners_clean\astro-gradient\es\synopsis.png,350,73,35.3,50,0.5,8,
C:\Users\Phenom\Desktop\Bannières prez\banners\astro-gradient\es\technical.png,C:\Users\Phenom\Desktop\Bannières prez\banners_clean\astro-gradient\es\technical.png,350,71,33.8,50,0.5,8,
C:\Users\Phenom\Desktop\Bannières prez\banners\astro-gradient\fr\audio.png,C:\Users\Phenom\Desktop\Bannières prez\banners_clean\astro-gradient\fr\audio.png,350,72,32.7,50,0.5,8,
C:\Users\Phenom\Desktop\Bannières prez\banners\astro-gradient\fr\information.png,C:\Users\Phenom\Desktop\Bannières prez\banners_clean\astro-gradient\fr\information.png,350,71,32.6,50,0.5,8,
C:\Users\Phenom\Desktop\Bannières prez\banners\astro-gradient\fr\metadata.png,C:\Users\Phenom\Desktop\Bannières prez\banners_clean\astro-gradient\fr\metadata.png,350,72,33.6,50,0.5,8,
C:\Users\Phenom\Desktop\Bannières prez\banners\astro-gradient\fr\release.png,C:\Users\Phenom\Desktop\Bannières prez\banners_clean\astro-gradient\fr\release.png,350,68,29.6,50,0.5,8,
C:\Users\Phenom\Desktop\Bannières prez\banners\astro-gradient\fr\subtitles.png,C:\Users\Phenom\Desktop\Bannières prez\banners_clean\astro-gradient\fr\subtitles.png,350,64,28.8,50,0.5,8,
C:\Users\Phenom\Desktop\Bannières prez\banners\astro-gradient\fr\synopsis.png,C:\Users\Phenom\Desktop\Bannières prez\banners_clean\astro-gradient\fr\synopsis.png,350,85,38.0,50,0.5,8,
C:\Users\Phenom\Desktop\Bannières prez\banners\astro-gradient\fr\technical.png,C:\Users\Phenom\Desktop\Bannières prez\banners_clean\astro-gradient\fr\technical.png,350,74,38.3,50,0.5,8,
C:\Users\Phenom\Desktop\Bannières prez\banners\black-and-white\en\audio.png,C:\Users\Phenom\Desktop\Bannières prez\banners_clean\black-and-white\en\audio.png,350,73,28.2,50,0.5,8,
C:\Users\Phenom\Desktop\Bannières prez\banners\black-and-white\en\information.png,C:\Users\Phenom\Desktop\Bannières prez\banners_clean\black-and-white\en\information.png,350,66,26.7,50,0.5,8,
C:\Users\Phenom\Desktop\Bannières prez\banners\black-and-white\en\metadata.png,C:\Users\Phenom\Desktop\Bannières prez\banners_clean\black-and-white\en\metadata.png,350,71,28.3,50,0.5,8,
C:\Users\Phenom\Desktop\Bannières prez\banners\black-and-white\en\release.png,C:\Users\Phenom\Desktop\Bannières prez\banners_clean\black-and-white\en\release.png,350,65,26.5,50,0.5,8,
C:\Users\Phenom\Desktop\Bannières prez\banners\black-and-white\en\subtitles.png,C:\Users\Phenom\Desktop\Bannières prez\banners_clean\black-and-white\en\subtitles.png,350,64,25.6,50,0.5,8,
C:\Users\Phenom\Desktop\Bannières prez\banners\black-and-white\en\synopsis.png,C:\Users\Phenom\Desktop\Bannières prez\banners_clean\black-and-white\en\synopsis.png,350,65,28.0,50,0.5,8,
C:\Users\Phenom\Desktop\Bannières prez\banners\black-and-white\en\technical.png,C:\Users\Phenom\Desktop\Bannières prez\banners_clean\black-and-white\en\technical.png,350,69,31.2,50,0.5,8,
C:\Users\Phenom\Desktop\Bannières prez\banners\black-and-white\es\audio.png,C:\Users\Phenom\Desktop\Bannières prez\banners_clean\black-and-white\es\audio.png,350,62,24.7,50,0.5,8,
C:\Users\Phenom\Desktop\Bannières prez\banners\black-and-white\es\information.png,C:\Users\Phenom\Desktop\Bannières prez\banners_clean\black-and-white\es\information.png,350,63,27.2,50,0.5,8,
C:\Users\Phenom\Desktop\Bannières prez\banners\black-and-white\es\metadata.png,C:\Users\Phenom\Desktop\Bannières prez\banners_clean\black-and-white\es\metadata.png,350,71,29.1,50,0.5,8,
C:\Users\Phenom\Desktop\Bannières prez\banners\black-and-white\es\release.png,C:\Users\Phenom\Desktop\Bannières prez\banners_clean\black-and-white\es\release.png,350,64,25.4,50,0.5,8,
C:\Users\Phenom\Desktop\Bannières prez\banners\black-and-white\es\subtitles.png,C:\Users\Phenom\Desktop\Bannières prez\banners_clean\black-and-white\es\subtitles.png,350,73,29.9,50,0.5,8,
C:\Users\Phenom\Desktop\Bannières prez\banners\black-and-white\es\synopsis.png,C:\Users\Phenom\Desktop\Bannières prez\banners_clean\black-and-white\es\synopsis.png,350,67,27.0,50,0.5,8,
C:\Users\Phenom\Desktop\Bannières prez\banners\black-and-white\es\technical.png,C:\Users\Phenom\Desktop\Bannières prez\banners_clean\black-and-white\es\technical.png,350,63,27.9,50,0.5,8,
C:\Users\Phenom\Desktop\Bannières prez\banners\black-and-white\fr\audio.png,C:\Users\Phenom\Desktop\Bannières prez\banners_clean\black-and-white\fr\audio.png,350,62,25.1,50,0.5,8,
C:\Users\Phenom\Desktop\Bannières prez\banners\black-and-white\fr\information.png,C:\Users\Phenom\Desktop\Bannières prez\banners_clean\black-and-white\fr\information.png,350,57,24.4,50,0.5,8,
C:\Users\Phenom\Desktop\Bannières prez\banners\black-and-white\fr\metadata.png,C:\Users\Phenom\Desktop\Bannières prez\banners_clean\black-and-white\fr\metadata.png,350,56,24.4,50,0.5,8,
C:\Users\Phenom\Desktop\Bannières prez\banners\black-and-white\fr\release.png,C:\Users\Phenom\Desktop\Bannières prez\banners_clean\black-and-white\fr\release.png,350,60,23.8,50,0.5,8,
C:\Users\Phenom\Desktop\Bannières prez\banners\black-and-white\fr\subtitles.png,C:\Users\Phenom\Desktop\Bannières prez\banners_clean\black-and-white\fr\subtitles.png,350,62,25.4,50,0.5,8,
C:\Users\Phenom\Desktop\Bannières prez\banners\black-and-white\fr\synopsis.png,C:\Users\Phenom\Desktop\Bannières prez\banners_clean\black-and-white\fr\synopsis.png,350,57,23.5,50,0.5,8,
C:\Users\Phenom\Desktop\Bannières prez\banners\black-and-white\fr\technical.png,C:\Users\Phenom\Desktop\Bannières prez\banners_clean\black-and-white\fr\technical.png,350,54,25.1,50,0.5,8,
C:\Users\Phenom\Desktop\Bannières prez\banners\cyberpunk\en\audio.png,C:\Users\Phenom\Desktop\Bannières prez\banners_clean\cyberpunk\en\audio.png,350,77,50.3,50,0.5,8,
C:\Users\Phenom\Desktop\Bannières prez\banners\cyberpunk\en\information.png,C:\Users\Phenom\Desktop\Bannières prez\banners_clean\cyberpunk\en\information.png,350,74,50.0,50,0.5,8,
C:\Users\Phenom\Desktop\Bannières prez\banners\cyberpunk\en\metadata.png,C:\Users\Phenom\Desktop\Bannières prez\banners_clean\cyberpunk\en\metadata.png,350,72,48.4,50,0.5,8,
C:\Users\Phenom\Desktop\Bannières prez\banners\cyberpunk\en\release.png,C:\Users\Phenom\Desktop\Bannières prez\banners_clean\cyberpunk\en\release.png,350,72,47.2,50,0.5,8,
C:\Users\Phenom\Desktop\Bannières prez\banners\cyberpunk\en\subtitles.png,C:\Users\Phenom\Desktop\Bannières prez\banners_clean\cyberpunk\en\subtitles.png,350,72,46.8,50,0.5,8,
C:\Users\Phenom\Desktop\Bannières prez\banners\cyberpunk\en\synopsis.png,C:\Users\Phenom\Desktop\Bannières prez\banners_clean\cyberpunk\en\synopsis.png,350,80,52.2,50,0.5,8,
C:\Users\Phenom\Desktop\Bannières prez\banners\cyberpunk\en\technical.png,C:\Users\Phenom\Desktop\Bannières prez\banners_clean\cyberpunk\en\technical.png,350,74,50.4,50,0.5,8,
C:\Users\Phenom\Desktop\Bannières prez\banners\cyberpunk\es\audio.png,C:\Users\Phenom\Desktop\Bannières prez\banners_clean\cyberpunk\es\audio.png,350,93,61.1,50,0.5,8,
C:\Users\Phenom\Desktop\Bannières prez\banners\cyberpunk\es\information.png,C:\Users\Phenom\Desktop\Bannières prez\banners_clean\cyberpunk\es\information.png,350,80,53.9,50,0.5,8,
C:\Users\Phenom\Desktop\Bannières prez\banners\cyberpunk\es\metadata.png,C:\Users\Phenom\Desktop\Bannières prez\banners_clean\cyberpunk\es\metadata.png,350,88,57.2,50,0.5,8,
C:\Users\Phenom\Desktop\Bannières prez\banners\cyberpunk\es\release.png,C:\Users\Phenom\Desktop\Bannières prez\banners_clean\cyberpunk\es\release.png,350,95,61.8,50,0.5,8,
C:\Users\Phenom\Desktop\Bannières prez\banners\cyberpunk\es\subtitles.png,C:\Users\Phenom\Desktop\Bannières prez\banners_clean\cyberpunk\es\subtitles.png,350,86,56.7,50,0.5,8,
C:\Users\Phenom\Desktop\Bannières prez\banners\cyberpunk\es\synopsis.png,C:\Users\Phenom\Desktop\Bannières prez\banners_clean\cyberpunk\es\synopsis.png,350,87,56.3,50,0.5,8,
C:\Users\Phenom\Desktop\Bannières prez\banners\cyberpunk\es\technical.png,C:\Users\Phenom\Desktop\Bannières prez\banners_clean\cyberpunk\es\technical.png,350,72,48.8,50,0.5,8,
C:\Users\Phenom\Desktop\Bannières prez\banners\cyberpunk\fr\audio.png,C:\Users\Phenom\Desktop\Bannières prez\banners_clean\cyberpunk\fr\audio.png,350,78,49.7,50,0.5,8,
C:\Users\Phenom\Desktop\Bannières prez\banners\cyberpunk\fr\information.png,C:\Users\Phenom\Desktop\Bannières prez\banners_clean\cyberpunk\fr\information.png,350,77,52.2,50,0.5,8,
C:\Users\Phenom\Desktop\Bannières prez\banners\cyberpunk\fr\metadata.png,C:\Users\Phenom\Desktop\Bannières prez\banners_clean\cyberpunk\fr\metadata.png,350,73,48.8,50,0.5,8,
C:\Users\Phenom\Desktop\Bannières prez\banners\cyberpunk\fr\release.png,C:\Users\Phenom\Desktop\Bannières prez\banners_clean\cyberpunk\fr\release.png,350,80,52.9,50,0.5,8,
C:\Users\Phenom\Desktop\Bannières prez\banners\cyberpunk\fr\subtitles.png,C:\Users\Phenom\Desktop\Bannières prez\banners_clean\cyberpunk\fr\subtitles.png,350,79,51.2,50,0.5,8,
C:\Users\Phenom\Desktop\Bannières prez\banners\cyberpunk\fr\synopsis.png,C:\Users\Phenom\Desktop\Bannières prez\banners_clean\cyberpunk\fr\synopsis.png,350,76,50.2,50,0.5,8,
C:\Users\Phenom\Desktop\Bannières prez\banners\cyberpunk\fr\technical.png,C:\Users\Phenom\Desktop\Bannières prez\banners_clean\cyberpunk\fr\technical.png,350,72,47.0,50,0.5,8,
C:\Users\Phenom\Desktop\Bannières prez\banners\dark-fantasy\en\audio.png,C:\Users\Phenom\Desktop\Bannières prez\banners_clean\dark-fantasy\en\audio.png,350,107,55.2,50,0.5,8,
C:\Users\Phenom\Desktop\Bannières prez\banners\dark-fantasy\en\information.png,C:\Users\Phenom\Desktop\Bannières prez\banners_clean\dark-fantasy\en\information.png,350,103,59.6,50,0.5,8,
C:\Users\Phenom\Desktop\Bannières prez\banners\dark-fantasy\en\metadata.png,C:\Users\Phenom\Desktop\Bannières prez\banners_clean\dark-fantasy\en\metadata.png,350,117,64.5,50,0.5,8,
C:\Users\Phenom\Desktop\Bannières prez\banners\dark-fantasy\en\release.png,C:\Users\Phenom\Desktop\Bannières prez\banners_clean\dark-fantasy\en\release.png,350,98,53.0,50,0.5,8,
C:\Users\Phenom\Desktop\Bannières prez\banners\dark-fantasy\en\subtitles.png,C:\Users\Phenom\Desktop\Bannières prez\banners_clean\dark-fantasy\en\subtitles.png,350,123,65.3,50,0.5,8,
C:\Users\Phenom\Desktop\Bannières prez\banners\dark-fantasy\en\synopsis.png,C:\Users\Phenom\Desktop\Bannières prez\banners_clean\dark-fantasy\en\synopsis.png,350,110,61.1,50,0.5,8,
C:\Users\Phenom\Desktop\Bannières prez\banners\dark-fantasy\en\technical.png,C:\Users\Phenom\Desktop\Bannières prez\banners_clean\dark-fantasy\en\technical.png,350,91,49.2,50,0.5,8,
C:\Users\Phenom\Desktop\Bannières prez\banners\dark-fantasy\es\audio.png,C:\Users\Phenom\Desktop\Bannières prez\banners_clean\dark-fantasy\es\audio.png,350,98,53.9,50,0.5,8,
C:\Users\Phenom\Desktop\Bannières prez\banners\dark-fantasy\es\information.png,C:\Users\Phenom\Desktop\Bannières prez\banners_clean\dark-fantasy\es\information.png,350,98,50.7,50,0.5,8,
C:\Users\Phenom\Desktop\Bannières prez\banners\dark-fantasy\es\metadata.png,C:\Users\Phenom\Desktop\Bannières prez\banners_clean\dark-fantasy\es\metadata.png,350,96,51.5,50,0.5,8,
C:\Users\Phenom\Desktop\Bannières prez\banners\dark-fantasy\es\release.png,C:\Users\Phenom\Desktop\Bannières prez\banners_clean\dark-fantasy\es\release.png,350,93,46.6,50,0.5,8,
C:\Users\Phenom\Desktop\Bannières prez\banners\dark-fantasy\es\subtitles.png,C:\Users\Phenom\Desktop\Bannières prez\banners_clean\dark-fantasy\es\subtitles.png,350,90,51.9,50,0.5,8,
C:\Users\Phenom\Desktop\Bannières prez\banners\dark-fantasy\es\synopsis.png,C:\Users\Phenom\Desktop\Bannières prez\banners_clean\dark-fantasy\es\synopsis.png,350,97,50.8,50,0.5,8,
C:\Users\Phenom\Desktop\Bannières prez\banners\dark-fantasy\es\technical.png,C:\Users\Phenom\Desktop\Bannières prez\banners_clean\dark-fantasy\es\technical.png,350,92,50.0,50,0.5,8,
C:\Users\Phenom\Desktop\Bannières prez\banners\dark-fantasy\fr\audio.png,C:\Users\Phenom\Desktop\Bannières prez\banners_clean\dark-fantasy\fr\audio.png,350,102,53.0,50,0.5,8,
C:\Users\Phenom\Desktop\Bannières prez\banners\dark-fantasy\fr\information.png,C:\Users\Phenom\Desktop\Bannières prez\banners_clean\dark-fantasy\fr\information.png,350,103,56.6,50,0.5,8,
C:\Users\Phenom\Desktop\Bannières prez\banners\dark-fantasy\fr\metadata.png,C:\Users\Phenom\Desktop\Bannières prez\banners_clean\dark-fantasy\fr\metadata.png,350,101,56.6,50,0.5,8,
C:\Users\Phenom\Desktop\Bannières prez\banners\dark-fantasy\fr\release.png,C:\Users\Phenom\Desktop\Bannières prez\banners_clean\dark-fantasy\fr\release.png,350,111,59.9,50,0.5,8,
C:\Users\Phenom\Desktop\Bannières prez\banners\dark-fantasy\fr\subtitles.png,C:\Users\Phenom\Desktop\Bannières prez\banners_clean\dark-fantasy\fr\subtitles.png,350,104,58.7,50,0.5,8,
C:\Users\Phenom\Desktop\Bannières prez\banners\dark-fantasy\fr\synopsis.png,C:\Users\Phenom\Desktop\Bannières prez\banners_clean\dark-fantasy\fr\synopsis.png,350,92,51.2,50,0.5,8,
C:\Users\Phenom\Desktop\Bannières prez\banners\dark-fantasy\fr\technical.png,C:\Users\Phenom\Desktop\Bannières prez\banners_clean\dark-fantasy\fr\technical.png,350,91,50.3,50,0.5,8,
C:\Users\Phenom\Desktop\Bannières prez\banners\digital-blue\en\audio.png,C:\Users\Phenom\Desktop\Bannières prez\banners_clean\digital-blue\en\audio.png,350,77,31.8,50,0.5,8,
C:\Users\Phenom\Desktop\Bannières prez\banners\digital-blue\en\information.png,C:\Users\Phenom\Desktop\Bannières prez\banners_clean\digital-blue\en\information.png,350,72,30.5,50,0.5,8,
C:\Users\Phenom\Desktop\Bannières prez\banners\digital-blue\en\metadata.png,C:\Users\Phenom\Desktop\Bannières prez\banners_clean\digital-blue\en\metadata.png,350,75,32.9,50,0.5,8,
C:\Users\Phenom\Desktop\Bannières prez\banners\digital-blue\en\release.png,C:\Users\Phenom\Desktop\Bannières prez\banners_clean\digital-blue\en\release.png,350,73,31.8,50,0.5,8,
C:\Users\Phenom\Desktop\Bannières prez\banners\digital-blue\en\subtitles.png,C:\Users\Phenom\Desktop\Bannières prez\banners_clean\digital-blue\en\subtitles.png,350,78,33.8,50,0.5,8,
C:\Users\Phenom\Desktop\Bannières prez\banners\digital-blue\en\synopsis.png,C:\Users\Phenom\Desktop\Bannières prez\banners_clean\digital-blue\en\synopsis.png,350,68,29.8,50,0.5,8,
C:\Users\Phenom\Desktop\Bannières prez\banners\digital-blue\en\technical.png,C:\Users\Phenom\Desktop\Bannières prez\banners_clean\digital-blue\en\technical.png,350,74,34.4,50,0.5,8,
C:\Users\Phenom\Desktop\Bannières prez\banners\digital-blue\es\audio.png,C:\Users\Phenom\Desktop\Bannières prez\banners_clean\digital-blue\es\audio.png,350,76,29.2,50,0.5,8,
C:\Users\Phenom\Desktop\Bannières prez\banners\digital-blue\es\information.png,C:\Users\Phenom\Desktop\Bannières prez\banners_clean\digital-blue\es\information.png,350,83,35.1,50,0.5,8,
C:\Users\Phenom\Desktop\Bannières prez\banners\digital-blue\es\metadata.png,C:\Users\Phenom\Desktop\Bannières prez\banners_clean\digital-blue\es\metadata.png,350,73,30.7,50,0.5,8,
C:\Users\Phenom\Desktop\Bannières prez\banners\digital-blue\es\release.png,C:\Users\Phenom\Desktop\Bannières prez\banners_clean\digital-blue\es\release.png,350,84,35.2,50,0.5,8,
C:\Users\Phenom\Desktop\Bannières prez\banners\digital-blue\es\subtitles.png,C:\Users\Phenom\Desktop\Bannières prez\banners_clean\digital-blue\es\subtitles.png,350,75,34.0,50,0.5,8,
C:\Users\Phenom\Desktop\Bannières prez\banners\digital-blue\es\synopsis.png,C:\Users\Phenom\Desktop\Bannières prez\banners_clean\digital-blue\es\synopsis.png,350,67,27.6,50,0.5,8,
C:\Users\Phenom\Desktop\Bannières prez\banners\digital-blue\es\technical.png,C:\Users\Phenom\Desktop\Bannières prez\banners_clean\digital-blue\es\technical.png,350,71,31.9,50,0.5,8,
C:\Users\Phenom\Desktop\Bannières prez\banners\digital-blue\fr\audio.png,C:\Users\Phenom\Desktop\Bannières prez\banners_clean\digital-blue\fr\audio.png,350,65,26.1,50,0.5,8,
C:\Users\Phenom\Desktop\Bannières prez\banners\digital-blue\fr\information.png,C:\Users\Phenom\Desktop\Bannières prez\banners_clean\digital-blue\fr\information.png,350,67,29.9,50,0.5,8,
C:\Users\Phenom\Desktop\Bannières prez\banners\digital-blue\fr\metadata.png,C:\Users\Phenom\Desktop\Bannières prez\banners_clean\digital-blue\fr\metadata.png,350,66,30.3,50,0.5,8,
C:\Users\Phenom\Desktop\Bannières prez\banners\digital-blue\fr\release.png,C:\Users\Phenom\Desktop\Bannières prez\banners_clean\digital-blue\fr\release.png,350,66,28.2,50,0.5,8,
C:\Users\Phenom\Desktop\Bannières prez\banners\digital-blue\fr\subtitles.png,C:\Users\Phenom\Desktop\Bannières prez\banners_clean\digital-blue\fr\subtitles.png,350,66,29.0,50,0.5,8,
C:\Users\Phenom\Desktop\Bannières prez\banners\digital-blue\fr\synopsis.png,C:\Users\Phenom\Desktop\Bannières prez\banners_clean\digital-blue\fr\synopsis.png,350,67,29.7,50,0.5,8,
C:\Users\Phenom\Desktop\Bannières prez\banners\digital-blue\fr\technical.png,C:\Users\Phenom\Desktop\Bannières prez\banners_clean\digital-blue\fr\technical.png,350,67,32.0,50,0.5,8,
C:\Users\Phenom\Desktop\Bannières prez\banners\military-green\en\audio.png,C:\Users\Phenom\Desktop\Bannières prez\banners_clean\military-green\en\audio.png,350,69,33.8,50,0.5,8,
C:\Users\Phenom\Desktop\Bannières prez\banners\military-green\en\information.png,C:\Users\Phenom\Desktop\Bannières prez\banners_clean\military-green\en\information.png,350,70,36.3,50,0.5,8,
C:\Users\Phenom\Desktop\Bannières prez\banners\military-green\en\metadata.png,C:\Users\Phenom\Desktop\Bannières prez\banners_clean\military-green\en\metadata.png,350,72,36.4,50,0.5,8,
C:\Users\Phenom\Desktop\Bannières prez\banners\military-green\en\release.png,C:\Users\Phenom\Desktop\Bannières prez\banners_clean\military-green\en\release.png,350,70,34.9,50,0.5,8,
C:\Users\Phenom\Desktop\Bannières prez\banners\military-green\en\subtitles.png,C:\Users\Phenom\Desktop\Bannières prez\banners_clean\military-green\en\subtitles.png,350,80,39.7,50,0.5,8,
C:\Users\Phenom\Desktop\Bannières prez\banners\military-green\en\synopsis.png,C:\Users\Phenom\Desktop\Bannières prez\banners_clean\military-green\en\synopsis.png,350,70,35.7,50,0.5,8,
C:\Users\Phenom\Desktop\Bannières prez\banners\military-green\en\technical.png,C:\Users\Phenom\Desktop\Bannières prez\banners_clean\military-green\en\technical.png,350,69,35.5,50,0.5,8,
C:\Users\Phenom\Desktop\Bannières prez\banners\military-green\es\audio.png,C:\Users\Phenom\Desktop\Bannières prez\banners_clean\military-green\es\audio.png,350,68,32.3,50,0.5,8,
C:\Users\Phenom\Desktop\Bannières prez\banners\military-green\es\information.png,C:\Users\Phenom\Desktop\Bannières prez\banners_clean\military-green\es\information.png,350,72,36.9,50,0.5,8,
C:\Users\Phenom\Desktop\Bannières prez\banners\military-green\es\metadata.png,C:\Users\Phenom\Desktop\Bannières prez\banners_clean\military-green\es\metadata.png,350,80,38.5,50,0.5,8,
C:\Users\Phenom\Desktop\Bannières prez\banners\military-green\es\release.png,C:\Users\Phenom\Desktop\Bannières prez\banners_clean\military-green\es\release.png,350,70,34.9,50,0.5,8,
C:\Users\Phenom\Desktop\Bannières prez\banners\military-green\es\subtitles.png,C:\Users\Phenom\Desktop\Bannières prez\banners_clean\military-green\es\subtitles.png,350,73,37.6,50,0.5,8,
C:\Users\Phenom\Desktop\Bannières prez\banners\military-green\es\synopsis.png,C:\Users\Phenom\Desktop\Bannières prez\banners_clean\military-green\es\synopsis.png,350,70,34.4,50,0.5,8,
C:\Users\Phenom\Desktop\Bannières prez\banners\military-green\es\technical.png,C:\Users\Phenom\Desktop\Bannières prez\banners_clean\military-green\es\technical.png,350,69,35.4,50,0.5,8,
C:\Users\Phenom\Desktop\Bannières prez\banners\military-green\fr\audio.png,C:\Users\Phenom\Desktop\Bannières prez\banners_clean\military-green\fr\audio.png,350,83,39.4,50,0.5,8,
C:\Users\Phenom\Desktop\Bannières prez\banners\military-green\fr\information.png,C:\Users\Phenom\Desktop\Bannières prez\banners_clean\military-green\fr\information.png,350,75,36.8,50,0.5,8,
C:\Users\Phenom\Desktop\Bannières prez\banners\military-green\fr\metadata.png,C:\Users\Phenom\Desktop\Bannières prez\banners_clean\military-green\fr\metadata.png,350,69,35.5,50,0.5,8,
C:\Users\Phenom\Desktop\Bannières prez\banners\military-green\fr\release.png,C:\Users\Phenom\Desktop\Bannières prez\banners_clean\military-green\fr\release.png,350,86,42.0,50,0.5,8,
C:\Users\Phenom\Desktop\Bannières prez\banners\military-green\fr\subtitles.png,C:\Users\Phenom\Desktop\Bannières prez\banners_clean\military-green\fr\subtitles.png,350,69,34.9,50,0.5,8,
C:\Users\Phenom\Desktop\Bannières prez\banners\military-green\fr\synopsis.png,C:\Users\Phenom\Desktop\Bannières prez\banners_clean\military-green\fr\synopsis.png,350,78,38.4,50,0.5,8,
C:\Users\Phenom\Desktop\Bannières prez\banners\military-green\fr\technical.png,C:\Users\Phenom\Desktop\Bannières prez\banners_clean\military-green\fr\technical.png,350,72,37.8,50,0.5,8,
C:\Users\Phenom\Desktop\Bannières prez\banners\minimal-blue\en\audio.png,C:\Users\Phenom\Desktop\Bannières prez\banners_clean\minimal-blue\en\audio.png,350,46,16.2,50,0.5,8,
C:\Users\Phenom\Desktop\Bannières prez\banners\minimal-blue\en\information.png,C:\Users\Phenom\Desktop\Bannières prez\banners_clean\minimal-blue\en\information.png,350,48,18.6,50,0.5,8,
C:\Users\Phenom\Desktop\Bannières prez\banners\minimal-blue\en\metadata.png,C:\Users\Phenom\Desktop\Bannières prez\banners_clean\minimal-blue\en\metadata.png,350,50,20.5,50,0.5,8,
C:\Users\Phenom\Desktop\Bannières prez\banners\minimal-blue\en\release.png,C:\Users\Phenom\Desktop\Bannières prez\banners_clean\minimal-blue\en\release.png,350,48,17.4,50,0.5,8,
C:\Users\Phenom\Desktop\Bannières prez\banners\minimal-blue\en\subtitles.png,C:\Users\Phenom\Desktop\Bannières prez\banners_clean\minimal-blue\en\subtitles.png,350,49,17.7,50,0.5,8,
C:\Users\Phenom\Desktop\Bannières prez\banners\minimal-blue\en\synopsis.png,C:\Users\Phenom\Desktop\Bannières prez\banners_clean\minimal-blue\en\synopsis.png,350,49,18.4,50,0.5,8,
C:\Users\Phenom\Desktop\Bannières prez\banners\minimal-blue\en\technical.png,C:\Users\Phenom\Desktop\Bannières prez\banners_clean\minimal-blue\en\technical.png,350,48,23.6,50,0.5,8,
C:\Users\Phenom\Desktop\Bannières prez\banners\minimal-blue\es\audio.png,C:\Users\Phenom\Desktop\Bannières prez\banners_clean\minimal-blue\es\audio.png,350,52,18.9,50,0.5,8,
C:\Users\Phenom\Desktop\Bannières prez\banners\minimal-blue\es\information.png,C:\Users\Phenom\Desktop\Bannières prez\banners_clean\minimal-blue\es\information.png,350,54,21.2,50,0.5,8,
C:\Users\Phenom\Desktop\Bannières prez\banners\minimal-blue\es\metadata.png,C:\Users\Phenom\Desktop\Bannières prez\banners_clean\minimal-blue\es\metadata.png,350,50,20.3,50,0.5,8,
C:\Users\Phenom\Desktop\Bannières prez\banners\minimal-blue\es\release.png,C:\Users\Phenom\Desktop\Bannières prez\banners_clean\minimal-blue\es\release.png,350,48,17.4,50,0.5,8,
C:\Users\Phenom\Desktop\Bannières prez\banners\minimal-blue\es\subtitles.png,C:\Users\Phenom\Desktop\Bannières prez\banners_clean\minimal-blue\es\subtitles.png,350,49,18.4,50,0.5,8,
C:\Users\Phenom\Desktop\Bannières prez\banners\minimal-blue\es\synopsis.png,C:\Users\Phenom\Desktop\Bannières prez\banners_clean\minimal-blue\es\synopsis.png,350,50,18.7,50,0.5,8,
C:\Users\Phenom\Desktop\Bannières prez\banners\minimal-blue\es\technical.png,C:\Users\Phenom\Desktop\Bannières prez\banners_clean\minimal-blue\es\technical.png,350,48,20.3,50,0.5,8,
C:\Users\Phenom\Desktop\Bannières prez\banners\minimal-blue\fr\audio.png,C:\Users\Phenom\Desktop\Bannières prez\banners_clean\minimal-blue\fr\audio.png,350,50,17.7,50,0.5,8,
C:\Users\Phenom\Desktop\Bannières prez\banners\minimal-blue\fr\information.png,C:\Users\Phenom\Desktop\Bannières prez\banners_clean\minimal-blue\fr\information.png,350,50,19.7,50,0.5,8,
C:\Users\Phenom\Desktop\Bannières prez\banners\minimal-blue\fr\metadata.png,C:\Users\Phenom\Desktop\Bannières prez\banners_clean\minimal-blue\fr\metadata.png,350,48,19.4,50,0.5,8,
C:\Users\Phenom\Desktop\Bannières prez\banners\minimal-blue\fr\release.png,C:\Users\Phenom\Desktop\Bannières prez\banners_clean\minimal-blue\fr\release.png,350,51,19.2,50,0.5,8,
C:\Users\Phenom\Desktop\Bannières prez\banners\minimal-blue\fr\subtitles.png,C:\Users\Phenom\Desktop\Bannières prez\banners_clean\minimal-blue\fr\subtitles.png,350,47,18.0,50,0.5,8,
C:\Users\Phenom\Desktop\Bannières prez\banners\minimal-blue\fr\synopsis.png,C:\Users\Phenom\Desktop\Bannières prez\banners_clean\minimal-blue\fr\synopsis.png,350,51,19.2,50,0.5,8,
C:\Users\Phenom\Desktop\Bannières prez\banners\minimal-blue\fr\technical.png,C:\Users\Phenom\Desktop\Bannières prez\banners_clean\minimal-blue\fr\technical.png,350,50,23.0,50,0.5,8,
C:\Users\Phenom\Desktop\Bannières prez\banners\robotic\en\audio.png,C:\Users\Phenom\Desktop\Bannières prez\banners_clean\robotic\en\audio.png,350,76,39.0,50,0.5,8,
C:\Users\Phenom\Desktop\Bannières prez\banners\robotic\en\information.png,C:\Users\Phenom\Desktop\Bannières prez\banners_clean\robotic\en\information.png,350,73,37.7,50,0.5,8,
C:\Users\Phenom\Desktop\Bannières prez\banners\robotic\en\metadata.png,C:\Users\Phenom\Desktop\Bannières prez\banners_clean\robotic\en\metadata.png,350,70,36.2,50,0.5,8,
C:\Users\Phenom\Desktop\Bannières prez\banners\robotic\en\release.png,C:\Users\Phenom\Desktop\Bannières prez\banners_clean\robotic\en\release.png,350,72,36.2,50,0.5,8,
C:\Users\Phenom\Desktop\Bannières prez\banners\robotic\en\subtitles.png,C:\Users\Phenom\Desktop\Bannières prez\banners_clean\robotic\en\subtitles.png,350,75,38.8,50,0.5,8,
C:\Users\Phenom\Desktop\Bannières prez\banners\robotic\en\synopsis.png,C:\Users\Phenom\Desktop\Bannières prez\banners_clean\robotic\en\synopsis.png,350,69,35.6,50,0.5,8,
C:\Users\Phenom\Desktop\Bannières prez\banners\robotic\en\technical.png,C:\Users\Phenom\Desktop\Bannières prez\banners_clean\robotic\en\technical.png,350,76,40.8,50,0.5,8,
C:\Users\Phenom\Desktop\Bannières prez\banners\robotic\es\audio.png,C:\Users\Phenom\Desktop\Bannières prez\banners_clean\robotic\es\audio.png,350,80,40.5,50,0.5,8,
C:\Users\Phenom\Desktop\Bannières prez\banners\robotic\es\information.png,C:\Users\Phenom\Desktop\Bannières prez\banners_clean\robotic\es\information.png,350,77,41.4,50,0.5,8,
C:\Users\Phenom\Desktop\Bannières prez\banners\robotic\es\metadata.png,C:\Users\Phenom\Desktop\Bannières prez\banners_clean\robotic\es\metadata.png,350,78,40.8,50,0.5,8,
C:\Users\Phenom\Desktop\Bannières prez\banners\robotic\es\release.png,C:\Users\Phenom\Desktop\Bannières prez\banners_clean\robotic\es\release.png,350,76,39.2,50,0.5,8,
C:\Users\Phenom\Desktop\Bannières prez\banners\robotic\es\subtitles.png,C:\Users\Phenom\Desktop\Bannières prez\banners_clean\robotic\es\subtitles.png,350,79,42.5,50,0.5,8,
C:\Users\Phenom\Desktop\Bannières prez\banners\robotic\es\synopsis.png,C:\Users\Phenom\Desktop\Bannières prez\banners_clean\robotic\es\synopsis.png,350,78,39.9,50,0.5,8,
C:\Users\Phenom\Desktop\Bannières prez\banners\robotic\es\technical.png,C:\Users\Phenom\Desktop\Bannières prez\banners_clean\robotic\es\technical.png,350,73,39.6,50,0.5,8,
C:\Users\Phenom\Desktop\Bannières prez\banners\robotic\fr\audio.png,C:\Users\Phenom\Desktop\Bannières prez\banners_clean\robotic\fr\audio.png,350,69,35.0,50,0.5,8,
C:\Users\Phenom\Desktop\Bannières prez\banners\robotic\fr\information.png,C:\Users\Phenom\Desktop\Bannières prez\banners_clean\robotic\fr\information.png,350,69,35.2,50,0.5,8,
C:\Users\Phenom\Desktop\Bannières prez\banners\robotic\fr\metadata.png,C:\Users\Phenom\Desktop\Bannières prez\banners_clean\robotic\fr\metadata.png,350,69,37.3,50,0.5,8,
C:\Users\Phenom\Desktop\Bannières prez\banners\robotic\fr\release.png,C:\Users\Phenom\Desktop\Bannières prez\banners_clean\robotic\fr\release.png,350,74,37.9,50,0.5,8,
C:\Users\Phenom\Desktop\Bannières prez\banners\robotic\fr\subtitles.png,C:\Users\Phenom\Desktop\Bannières prez\banners_clean\robotic\fr\subtitles.png,350,70,36.6,50,0.5,8,
C:\Users\Phenom\Desktop\Bannières prez\banners\robotic\fr\synopsis.png,C:\Users\Phenom\Desktop\Bannières prez\banners_clean\robotic\fr\synopsis.png,350,69,35.6,50,0.5,8,
C:\Users\Phenom\Desktop\Bannières prez\banners\robotic\fr\technical.png,C:\Users\Phenom\Desktop\Bannières prez\banners_clean\robotic\fr\technical.png,350,69,39.6,50,0.5,8,
